CLAVEGEO,CVE_ENT,DESC_ENT,CVE_DISTRITO,DESC_DISTRITO
11001,11,Guanajuato,1,Distrito 001
11002,11,Guanajuato,2,Distrito 002
11003,11,Guanajuato,3,Distrito 003
11004,11,Guanajuato,4,Distrito 004
11005,11,Guanajuato,5,Distrito 005
11006,11,Guanajuato,6,Distrito 006
11007,11,Guanajuato,7,Distrito 007
11008,11,Guanajuato,8,Distrito 008
11009,11,Guanajuato,9,Distrito 009
11010,11,Guanajuato,10,Distrito 010
11011,11,Guanajuato,11,Distrito 011
11012,11,Guanajuato,12,Distrito 012
11013,11,Guanajuato,13,Distrito 013
11014,11,Guanajuato,14,Distrito 014
