CLAVEGEO,CVE_ENT,CVE_DISTRITO,CVE_MUN,CVE_SECCION,DESC_SECCION
200100200319,2,1,2,319,Sección 00319
200100200320,2,1,2,320,Sección 00320
200100200321,2,1,2,321,Sección 00321
200100200338,2,1,2,338,Sección 00338
200100200339,2,1,2,339,Sección 00339
200100200340,2,1,2,340,Sección 00340
200100200341,2,1,2,341,Sección 00341
200100200342,2,1,2,342,Sección 00342
200100200358,2,1,2,358,Sección 00358
200100200359,2,1,2,359,Sección 00359
200100200360,2,1,2,360,Sección 00360
200100200361,2,1,2,361,Sección 00361
200100200362,2,1,2,362,Sección 00362
200100200363,2,1,2,363,Sección 00363
200100200364,2,1,2,364,Sección 00364
200100200365,2,1,2,365,Sección 00365
200100200366,2,1,2,366,Sección 00366
200100200367,2,1,2,367,Sección 00367
200100200368,2,1,2,368,Sección 00368
200100200451,2,1,2,451,Sección 00451
200100200459,2,1,2,459,Sección 00459
200100200463,2,1,2,463,Sección 00463
200100200464,2,1,2,464,Sección 00464
200100200465,2,1,2,465,Sección 00465
200100200466,2,1,2,466,Sección 00466
200100200467,2,1,2,467,Sección 00467
200100200468,2,1,2,468,Sección 00468
200100200471,2,1,2,471,Sección 00471
200100200472,2,1,2,472,Sección 00472
200100200473,2,1,2,473,Sección 00473
200100200474,2,1,2,474,Sección 00474
200100200475,2,1,2,475,Sección 00475
200100200476,2,1,2,476,Sección 00476
200100200477,2,1,2,477,Sección 00477
200100200478,2,1,2,478,Sección 00478
200100200479,2,1,2,479,Sección 00479
200100200480,2,1,2,480,Sección 00480
200100200481,2,1,2,481,Sección 00481
200100200482,2,1,2,482,Sección 00482
200100200483,2,1,2,483,Sección 00483
200100200484,2,1,2,484,Sección 00484
200100200485,2,1,2,485,Sección 00485
200100200486,2,1,2,486,Sección 00486
200100200487,2,1,2,487,Sección 00487
200100200488,2,1,2,488,Sección 00488
200100200489,2,1,2,489,Sección 00489
200100200490,2,1,2,490,Sección 00490
200100200491,2,1,2,491,Sección 00491
200100200492,2,1,2,492,Sección 00492
200100200493,2,1,2,493,Sección 00493
200100200494,2,1,2,494,Sección 00494
200100200495,2,1,2,495,Sección 00495
200100200496,2,1,2,496,Sección 00496
200100200497,2,1,2,497,Sección 00497
200100200498,2,1,2,498,Sección 00498
200100200499,2,1,2,499,Sección 00499
200100200500,2,1,2,500,Sección 00500
200100200501,2,1,2,501,Sección 00501
200100200502,2,1,2,502,Sección 00502
200100200503,2,1,2,503,Sección 00503
200100200504,2,1,2,504,Sección 00504
200100200505,2,1,2,505,Sección 00505
200100200506,2,1,2,506,Sección 00506
200100200507,2,1,2,507,Sección 00507
200100200508,2,1,2,508,Sección 00508
200100200509,2,1,2,509,Sección 00509
200100200510,2,1,2,510,Sección 00510
200100200511,2,1,2,511,Sección 00511
200100200512,2,1,2,512,Sección 00512
200100200513,2,1,2,513,Sección 00513
200100200514,2,1,2,514,Sección 00514
200100200515,2,1,2,515,Sección 00515
200100200516,2,1,2,516,Sección 00516
200100200569,2,1,2,569,Sección 00569
200100200570,2,1,2,570,Sección 00570
200100200571,2,1,2,571,Sección 00571
200100200580,2,1,2,580,Sección 00580
200100200581,2,1,2,581,Sección 00581
200100200582,2,1,2,582,Sección 00582
200100200587,2,1,2,587,Sección 00587
200100200588,2,1,2,588,Sección 00588
200100200589,2,1,2,589,Sección 00589
200100200590,2,1,2,590,Sección 00590
200100200591,2,1,2,591,Sección 00591
200100200592,2,1,2,592,Sección 00592
200100200593,2,1,2,593,Sección 00593
200100200594,2,1,2,594,Sección 00594
200100200595,2,1,2,595,Sección 00595
200100200596,2,1,2,596,Sección 00596
200100200597,2,1,2,597,Sección 00597
200100200598,2,1,2,598,Sección 00598
200100200599,2,1,2,599,Sección 00599
200100200600,2,1,2,600,Sección 00600
200100200601,2,1,2,601,Sección 00601
200100200602,2,1,2,602,Sección 00602
200100200603,2,1,2,603,Sección 00603
200100200604,2,1,2,604,Sección 00604
200100200605,2,1,2,605,Sección 00605
200100200606,2,1,2,606,Sección 00606
200100200607,2,1,2,607,Sección 00607
200100200608,2,1,2,608,Sección 00608
200100200609,2,1,2,609,Sección 00609
200100200610,2,1,2,610,Sección 00610
200100200611,2,1,2,611,Sección 00611
200100200612,2,1,2,612,Sección 00612
200100200613,2,1,2,613,Sección 00613
200100200614,2,1,2,614,Sección 00614
200100200615,2,1,2,615,Sección 00615
200100200616,2,1,2,616,Sección 00616
200100200617,2,1,2,617,Sección 00617
200100200618,2,1,2,618,Sección 00618
200100200619,2,1,2,619,Sección 00619
200100200620,2,1,2,620,Sección 00620
200100200621,2,1,2,621,Sección 00621
200100200622,2,1,2,622,Sección 00622
200100200623,2,1,2,623,Sección 00623
200100200624,2,1,2,624,Sección 00624
200100200625,2,1,2,625,Sección 00625
200100200626,2,1,2,626,Sección 00626
200100200627,2,1,2,627,Sección 00627
200100200628,2,1,2,628,Sección 00628
200100200629,2,1,2,629,Sección 00629
200100200630,2,1,2,630,Sección 00630
200100200631,2,1,2,631,Sección 00631
200100200632,2,1,2,632,Sección 00632
200100200633,2,1,2,633,Sección 00633
200100200634,2,1,2,634,Sección 00634
200100200635,2,1,2,635,Sección 00635
200100200636,2,1,2,636,Sección 00636
200100200637,2,1,2,637,Sección 00637
200100200638,2,1,2,638,Sección 00638
200100200639,2,1,2,639,Sección 00639
200100200640,2,1,2,640,Sección 00640
200100200641,2,1,2,641,Sección 00641
200100200642,2,1,2,642,Sección 00642
200100200643,2,1,2,643,Sección 00643
200100200644,2,1,2,644,Sección 00644
200100200645,2,1,2,645,Sección 00645
200100200646,2,1,2,646,Sección 00646
200100200647,2,1,2,647,Sección 00647
200100200648,2,1,2,648,Sección 00648
200100200649,2,1,2,649,Sección 00649
200100200650,2,1,2,650,Sección 00650
200100200651,2,1,2,651,Sección 00651
200100200652,2,1,2,652,Sección 00652
200100200653,2,1,2,653,Sección 00653
200100200654,2,1,2,654,Sección 00654
200100200655,2,1,2,655,Sección 00655
200100200656,2,1,2,656,Sección 00656
200100200657,2,1,2,657,Sección 00657
200100200658,2,1,2,658,Sección 00658
200100200659,2,1,2,659,Sección 00659
200100200660,2,1,2,660,Sección 00660
200100200661,2,1,2,661,Sección 00661
200100200662,2,1,2,662,Sección 00662
200100200663,2,1,2,663,Sección 00663
200100200664,2,1,2,664,Sección 00664
200100200665,2,1,2,665,Sección 00665
200100200666,2,1,2,666,Sección 00666
200100200667,2,1,2,667,Sección 00667
200100200668,2,1,2,668,Sección 00668
200100200669,2,1,2,669,Sección 00669
200100200670,2,1,2,670,Sección 00670
200100200671,2,1,2,671,Sección 00671
200100200673,2,1,2,673,Sección 00673
200100200674,2,1,2,674,Sección 00674
200100200675,2,1,2,675,Sección 00675
200100200676,2,1,2,676,Sección 00676
200100200677,2,1,2,677,Sección 00677
200100200678,2,1,2,678,Sección 00678
200100200679,2,1,2,679,Sección 00679
200100200680,2,1,2,680,Sección 00680
200100200688,2,1,2,688,Sección 00688
200100200689,2,1,2,689,Sección 00689
200100200690,2,1,2,690,Sección 00690
200100200691,2,1,2,691,Sección 00691
200100200693,2,1,2,693,Sección 00693
200200200213,2,2,2,213,Sección 00213
200200200214,2,2,2,214,Sección 00214
200200200215,2,2,2,215,Sección 00215
200200200216,2,2,2,216,Sección 00216
200200200217,2,2,2,217,Sección 00217
200200200218,2,2,2,218,Sección 00218
200200200219,2,2,2,219,Sección 00219
200200200220,2,2,2,220,Sección 00220
200200200221,2,2,2,221,Sección 00221
200200200222,2,2,2,222,Sección 00222
200200200223,2,2,2,223,Sección 00223
200200200224,2,2,2,224,Sección 00224
200200200225,2,2,2,225,Sección 00225
200200200226,2,2,2,226,Sección 00226
200200200227,2,2,2,227,Sección 00227
200200200228,2,2,2,228,Sección 00228
200200200229,2,2,2,229,Sección 00229
200200200230,2,2,2,230,Sección 00230
200200200231,2,2,2,231,Sección 00231
200200200232,2,2,2,232,Sección 00232
200200200237,2,2,2,237,Sección 00237
200200200238,2,2,2,238,Sección 00238
200200200239,2,2,2,239,Sección 00239
200200200240,2,2,2,240,Sección 00240
200200200241,2,2,2,241,Sección 00241
200200200242,2,2,2,242,Sección 00242
200200200243,2,2,2,243,Sección 00243
200200200244,2,2,2,244,Sección 00244
200200200245,2,2,2,245,Sección 00245
200200200246,2,2,2,246,Sección 00246
200200200247,2,2,2,247,Sección 00247
200200200248,2,2,2,248,Sección 00248
200200200249,2,2,2,249,Sección 00249
200200200250,2,2,2,250,Sección 00250
200200200251,2,2,2,251,Sección 00251
200200200258,2,2,2,258,Sección 00258
200200200259,2,2,2,259,Sección 00259
200200200260,2,2,2,260,Sección 00260
200200200261,2,2,2,261,Sección 00261
200200200262,2,2,2,262,Sección 00262
200200200263,2,2,2,263,Sección 00263
200200200264,2,2,2,264,Sección 00264
200200200265,2,2,2,265,Sección 00265
200200200266,2,2,2,266,Sección 00266
200200200267,2,2,2,267,Sección 00267
200200200268,2,2,2,268,Sección 00268
200200200269,2,2,2,269,Sección 00269
200200200270,2,2,2,270,Sección 00270
200200200271,2,2,2,271,Sección 00271
200200200272,2,2,2,272,Sección 00272
200200200273,2,2,2,273,Sección 00273
200200200274,2,2,2,274,Sección 00274
200200200275,2,2,2,275,Sección 00275
200200200276,2,2,2,276,Sección 00276
200200200277,2,2,2,277,Sección 00277
200200200278,2,2,2,278,Sección 00278
200200200279,2,2,2,279,Sección 00279
200200200285,2,2,2,285,Sección 00285
200200200286,2,2,2,286,Sección 00286
200200200287,2,2,2,287,Sección 00287
200200200288,2,2,2,288,Sección 00288
200200200289,2,2,2,289,Sección 00289
200200200290,2,2,2,290,Sección 00290
200200200291,2,2,2,291,Sección 00291
200200200292,2,2,2,292,Sección 00292
200200200293,2,2,2,293,Sección 00293
200200200294,2,2,2,294,Sección 00294
200200200295,2,2,2,295,Sección 00295
200200200296,2,2,2,296,Sección 00296
200200200297,2,2,2,297,Sección 00297
200200200298,2,2,2,298,Sección 00298
200200200299,2,2,2,299,Sección 00299
200200200300,2,2,2,300,Sección 00300
200200200301,2,2,2,301,Sección 00301
200200200302,2,2,2,302,Sección 00302
200200200303,2,2,2,303,Sección 00303
200200200304,2,2,2,304,Sección 00304
200200200309,2,2,2,309,Sección 00309
200200200310,2,2,2,310,Sección 00310
200200200311,2,2,2,311,Sección 00311
200200200312,2,2,2,312,Sección 00312
200200200313,2,2,2,313,Sección 00313
200200200314,2,2,2,314,Sección 00314
200200200315,2,2,2,315,Sección 00315
200200200316,2,2,2,316,Sección 00316
200200200317,2,2,2,317,Sección 00317
200200200318,2,2,2,318,Sección 00318
200200200324,2,2,2,324,Sección 00324
200200200325,2,2,2,325,Sección 00325
200200200326,2,2,2,326,Sección 00326
200200200369,2,2,2,369,Sección 00369
200200200370,2,2,2,370,Sección 00370
200200200371,2,2,2,371,Sección 00371
200200200372,2,2,2,372,Sección 00372
200200200373,2,2,2,373,Sección 00373
200200200374,2,2,2,374,Sección 00374
200200200375,2,2,2,375,Sección 00375
200200200376,2,2,2,376,Sección 00376
200200200377,2,2,2,377,Sección 00377
200200200378,2,2,2,378,Sección 00378
200200200379,2,2,2,379,Sección 00379
200200200380,2,2,2,380,Sección 00380
200200200381,2,2,2,381,Sección 00381
200200200382,2,2,2,382,Sección 00382
200200200383,2,2,2,383,Sección 00383
200200200384,2,2,2,384,Sección 00384
200200200385,2,2,2,385,Sección 00385
200200200386,2,2,2,386,Sección 00386
200200200387,2,2,2,387,Sección 00387
200200200388,2,2,2,388,Sección 00388
200200200389,2,2,2,389,Sección 00389
200200200390,2,2,2,390,Sección 00390
200200200391,2,2,2,391,Sección 00391
200200200392,2,2,2,392,Sección 00392
200200200393,2,2,2,393,Sección 00393
200200200394,2,2,2,394,Sección 00394
200200200395,2,2,2,395,Sección 00395
200200200396,2,2,2,396,Sección 00396
200200200397,2,2,2,397,Sección 00397
200200200398,2,2,2,398,Sección 00398
200200200399,2,2,2,399,Sección 00399
200200200400,2,2,2,400,Sección 00400
200200200401,2,2,2,401,Sección 00401
200200200402,2,2,2,402,Sección 00402
200200200403,2,2,2,403,Sección 00403
200200200404,2,2,2,404,Sección 00404
200200200405,2,2,2,405,Sección 00405
200200200406,2,2,2,406,Sección 00406
200200200407,2,2,2,407,Sección 00407
200200200408,2,2,2,408,Sección 00408
200200200409,2,2,2,409,Sección 00409
200200200410,2,2,2,410,Sección 00410
200200200411,2,2,2,411,Sección 00411
200200200412,2,2,2,412,Sección 00412
200200200413,2,2,2,413,Sección 00413
200200200414,2,2,2,414,Sección 00414
200200200415,2,2,2,415,Sección 00415
200200200416,2,2,2,416,Sección 00416
200200200417,2,2,2,417,Sección 00417
200200200418,2,2,2,418,Sección 00418
200200200419,2,2,2,419,Sección 00419
200200200420,2,2,2,420,Sección 00420
200200200421,2,2,2,421,Sección 00421
200200200422,2,2,2,422,Sección 00422
200200200423,2,2,2,423,Sección 00423
200200200424,2,2,2,424,Sección 00424
200200200425,2,2,2,425,Sección 00425
200200200426,2,2,2,426,Sección 00426
200200200427,2,2,2,427,Sección 00427
200200200428,2,2,2,428,Sección 00428
200200200429,2,2,2,429,Sección 00429
200200200430,2,2,2,430,Sección 00430
200200200431,2,2,2,431,Sección 00431
200200200432,2,2,2,432,Sección 00432
200200200433,2,2,2,433,Sección 00433
200200200434,2,2,2,434,Sección 00434
200200200435,2,2,2,435,Sección 00435
200200200436,2,2,2,436,Sección 00436
200200200437,2,2,2,437,Sección 00437
200200200438,2,2,2,438,Sección 00438
200200200439,2,2,2,439,Sección 00439
200200200440,2,2,2,440,Sección 00440
200200200441,2,2,2,441,Sección 00441
200200200442,2,2,2,442,Sección 00442
200200200443,2,2,2,443,Sección 00443
200200200444,2,2,2,444,Sección 00444
200200200445,2,2,2,445,Sección 00445
200200200446,2,2,2,446,Sección 00446
200200200447,2,2,2,447,Sección 00447
200200200448,2,2,2,448,Sección 00448
200200200449,2,2,2,449,Sección 00449
200200200450,2,2,2,450,Sección 00450
200200200452,2,2,2,452,Sección 00452
200200200453,2,2,2,453,Sección 00453
200200200454,2,2,2,454,Sección 00454
200200200455,2,2,2,455,Sección 00455
200200200456,2,2,2,456,Sección 00456
200200200457,2,2,2,457,Sección 00457
200200200458,2,2,2,458,Sección 00458
200200200460,2,2,2,460,Sección 00460
200200200461,2,2,2,461,Sección 00461
200200200462,2,2,2,462,Sección 00462
200200200469,2,2,2,469,Sección 00469
200200200470,2,2,2,470,Sección 00470
200200200548,2,2,2,548,Sección 00548
200200200549,2,2,2,549,Sección 00549
200200200550,2,2,2,550,Sección 00550
200200200551,2,2,2,551,Sección 00551
200200200552,2,2,2,552,Sección 00552
200200200553,2,2,2,553,Sección 00553
200200200554,2,2,2,554,Sección 00554
200200200555,2,2,2,555,Sección 00555
200200200556,2,2,2,556,Sección 00556
200200200557,2,2,2,557,Sección 00557
200200200558,2,2,2,558,Sección 00558
200200200559,2,2,2,559,Sección 00559
200200200560,2,2,2,560,Sección 00560
200200200561,2,2,2,561,Sección 00561
200200200562,2,2,2,562,Sección 00562
200200200563,2,2,2,563,Sección 00563
200200200564,2,2,2,564,Sección 00564
200200200572,2,2,2,572,Sección 00572
200200200573,2,2,2,573,Sección 00573
200200200574,2,2,2,574,Sección 00574
200200200575,2,2,2,575,Sección 00575
200200200576,2,2,2,576,Sección 00576
200200200577,2,2,2,577,Sección 00577
200200200578,2,2,2,578,Sección 00578
200200200579,2,2,2,579,Sección 00579
200200200583,2,2,2,583,Sección 00583
200200200584,2,2,2,584,Sección 00584
200200200585,2,2,2,585,Sección 00585
200200200586,2,2,2,586,Sección 00586
200200200681,2,2,2,681,Sección 00681
200200200682,2,2,2,682,Sección 00682
200200200683,2,2,2,683,Sección 00683
200200200684,2,2,2,684,Sección 00684
200200200685,2,2,2,685,Sección 00685
200200200686,2,2,2,686,Sección 00686
200200200687,2,2,2,687,Sección 00687
200300100001,2,3,1,1,Sección 00001
200300100002,2,3,1,2,Sección 00002
200300100003,2,3,1,3,Sección 00003
200300100004,2,3,1,4,Sección 00004
200300100005,2,3,1,5,Sección 00005
200300100006,2,3,1,6,Sección 00006
200300100007,2,3,1,7,Sección 00007
200300100008,2,3,1,8,Sección 00008
200300100009,2,3,1,9,Sección 00009
200300100010,2,3,1,10,Sección 00010
200300100011,2,3,1,11,Sección 00011
200300100015,2,3,1,15,Sección 00015
200300100016,2,3,1,16,Sección 00016
200300100017,2,3,1,17,Sección 00017
200300100018,2,3,1,18,Sección 00018
200300100019,2,3,1,19,Sección 00019
200300100020,2,3,1,20,Sección 00020
200300100021,2,3,1,21,Sección 00021
200300100022,2,3,1,22,Sección 00022
200300100023,2,3,1,23,Sección 00023
200300100024,2,3,1,24,Sección 00024
200300100025,2,3,1,25,Sección 00025
200300100026,2,3,1,26,Sección 00026
200300100027,2,3,1,27,Sección 00027
200300100028,2,3,1,28,Sección 00028
200300100029,2,3,1,29,Sección 00029
200300100030,2,3,1,30,Sección 00030
200300100031,2,3,1,31,Sección 00031
200300100032,2,3,1,32,Sección 00032
200300100033,2,3,1,33,Sección 00033
200300100034,2,3,1,34,Sección 00034
200300100035,2,3,1,35,Sección 00035
200300100037,2,3,1,37,Sección 00037
200300100038,2,3,1,38,Sección 00038
200300100039,2,3,1,39,Sección 00039
200300100040,2,3,1,40,Sección 00040
200300100041,2,3,1,41,Sección 00041
200300100042,2,3,1,42,Sección 00042
200300100043,2,3,1,43,Sección 00043
200300100044,2,3,1,44,Sección 00044
200300100045,2,3,1,45,Sección 00045
200300100046,2,3,1,46,Sección 00046
200300100047,2,3,1,47,Sección 00047
200300100048,2,3,1,48,Sección 00048
200300100049,2,3,1,49,Sección 00049
200300100050,2,3,1,50,Sección 00050
200300100051,2,3,1,51,Sección 00051
200300100052,2,3,1,52,Sección 00052
200300100053,2,3,1,53,Sección 00053
200300100054,2,3,1,54,Sección 00054
200300100055,2,3,1,55,Sección 00055
200300100056,2,3,1,56,Sección 00056
200300100057,2,3,1,57,Sección 00057
200300100058,2,3,1,58,Sección 00058
200300100059,2,3,1,59,Sección 00059
200300100063,2,3,1,63,Sección 00063
200300100064,2,3,1,64,Sección 00064
200300100065,2,3,1,65,Sección 00065
200300100066,2,3,1,66,Sección 00066
200300100067,2,3,1,67,Sección 00067
200300100068,2,3,1,68,Sección 00068
200300100069,2,3,1,69,Sección 00069
200300100070,2,3,1,70,Sección 00070
200300100071,2,3,1,71,Sección 00071
200300100072,2,3,1,72,Sección 00072
200300100073,2,3,1,73,Sección 00073
200300100074,2,3,1,74,Sección 00074
200300100075,2,3,1,75,Sección 00075
200300100076,2,3,1,76,Sección 00076
200300100077,2,3,1,77,Sección 00077
200300100078,2,3,1,78,Sección 00078
200300100085,2,3,1,85,Sección 00085
200300100086,2,3,1,86,Sección 00086
200300100087,2,3,1,87,Sección 00087
200300100088,2,3,1,88,Sección 00088
200300100089,2,3,1,89,Sección 00089
200300100090,2,3,1,90,Sección 00090
200300100091,2,3,1,91,Sección 00091
200300100103,2,3,1,103,Sección 00103
200300100104,2,3,1,104,Sección 00104
200300100105,2,3,1,105,Sección 00105
200300100106,2,3,1,106,Sección 00106
200300100110,2,3,1,110,Sección 00110
200300100111,2,3,1,111,Sección 00111
200300100112,2,3,1,112,Sección 00112
200300100113,2,3,1,113,Sección 00113
200300100114,2,3,1,114,Sección 00114
200300100115,2,3,1,115,Sección 00115
200300100116,2,3,1,116,Sección 00116
200300100117,2,3,1,117,Sección 00117
200300100118,2,3,1,118,Sección 00118
200300100119,2,3,1,119,Sección 00119
200300100120,2,3,1,120,Sección 00120
200300100121,2,3,1,121,Sección 00121
200300100122,2,3,1,122,Sección 00122
200300100123,2,3,1,123,Sección 00123
200300100124,2,3,1,124,Sección 00124
200300100125,2,3,1,125,Sección 00125
200300100126,2,3,1,126,Sección 00126
200300100127,2,3,1,127,Sección 00127
200300100130,2,3,1,130,Sección 00130
200300100131,2,3,1,131,Sección 00131
200300100132,2,3,1,132,Sección 00132
200300100133,2,3,1,133,Sección 00133
200300100134,2,3,1,134,Sección 00134
200300100135,2,3,1,135,Sección 00135
200300100136,2,3,1,136,Sección 00136
200300100137,2,3,1,137,Sección 00137
200300100138,2,3,1,138,Sección 00138
200300100139,2,3,1,139,Sección 00139
200300100140,2,3,1,140,Sección 00140
200300100141,2,3,1,141,Sección 00141
200300100142,2,3,1,142,Sección 00142
200300100143,2,3,1,143,Sección 00143
200300100144,2,3,1,144,Sección 00144
200300100145,2,3,1,145,Sección 00145
200300100146,2,3,1,146,Sección 00146
200300100147,2,3,1,147,Sección 00147
200300100148,2,3,1,148,Sección 00148
200300100149,2,3,1,149,Sección 00149
200300100150,2,3,1,150,Sección 00150
200300100151,2,3,1,151,Sección 00151
200300100152,2,3,1,152,Sección 00152
200300100153,2,3,1,153,Sección 00153
200300100154,2,3,1,154,Sección 00154
200300100155,2,3,1,155,Sección 00155
200300100156,2,3,1,156,Sección 00156
200300100157,2,3,1,157,Sección 00157
200300100158,2,3,1,158,Sección 00158
200300100159,2,3,1,159,Sección 00159
200300100160,2,3,1,160,Sección 00160
200300100161,2,3,1,161,Sección 00161
200300100162,2,3,1,162,Sección 00162
200300100163,2,3,1,163,Sección 00163
200300100164,2,3,1,164,Sección 00164
200300100165,2,3,1,165,Sección 00165
200300100166,2,3,1,166,Sección 00166
200300100167,2,3,1,167,Sección 00167
200300100168,2,3,1,168,Sección 00168
200300100173,2,3,1,173,Sección 00173
200300100174,2,3,1,174,Sección 00174
200300100175,2,3,1,175,Sección 00175
200300100176,2,3,1,176,Sección 00176
200300100177,2,3,1,177,Sección 00177
200300100178,2,3,1,178,Sección 00178
200300100179,2,3,1,179,Sección 00179
200300100180,2,3,1,180,Sección 00180
200300100181,2,3,1,181,Sección 00181
200300100182,2,3,1,182,Sección 00182
200300100183,2,3,1,183,Sección 00183
200300100184,2,3,1,184,Sección 00184
200300100185,2,3,1,185,Sección 00185
200300100186,2,3,1,186,Sección 00186
200300100187,2,3,1,187,Sección 00187
200300100188,2,3,1,188,Sección 00188
200300100189,2,3,1,189,Sección 00189
200300100190,2,3,1,190,Sección 00190
200300100191,2,3,1,191,Sección 00191
200300100192,2,3,1,192,Sección 00192
200300100193,2,3,1,193,Sección 00193
200300100194,2,3,1,194,Sección 00194
200300100195,2,3,1,195,Sección 00195
200300100196,2,3,1,196,Sección 00196
200300100197,2,3,1,197,Sección 00197
200300100198,2,3,1,198,Sección 00198
200300100199,2,3,1,199,Sección 00199
200300100200,2,3,1,200,Sección 00200
200300100201,2,3,1,201,Sección 00201
200300100202,2,3,1,202,Sección 00202
200300100203,2,3,1,203,Sección 00203
200300100204,2,3,1,204,Sección 00204
200300100206,2,3,1,206,Sección 00206
200300100207,2,3,1,207,Sección 00207
200300100208,2,3,1,208,Sección 00208
200300100209,2,3,1,209,Sección 00209
200300100210,2,3,1,210,Sección 00210
200400401049,2,4,4,1049,Sección 01049
200400401050,2,4,4,1050,Sección 01050
200400401120,2,4,4,1120,Sección 01120
200400401121,2,4,4,1121,Sección 01121
200400401124,2,4,4,1124,Sección 01124
200400401125,2,4,4,1125,Sección 01125
200400401126,2,4,4,1126,Sección 01126
200400401127,2,4,4,1127,Sección 01127
200400401141,2,4,4,1141,Sección 01141
200400401142,2,4,4,1142,Sección 01142
200400401143,2,4,4,1143,Sección 01143
200400401144,2,4,4,1144,Sección 01144
200400401145,2,4,4,1145,Sección 01145
200400401146,2,4,4,1146,Sección 01146
200400401147,2,4,4,1147,Sección 01147
200400401148,2,4,4,1148,Sección 01148
200400401149,2,4,4,1149,Sección 01149
200400401151,2,4,4,1151,Sección 01151
200400401152,2,4,4,1152,Sección 01152
200400401153,2,4,4,1153,Sección 01153
200400401154,2,4,4,1154,Sección 01154
200400401155,2,4,4,1155,Sección 01155
200400401156,2,4,4,1156,Sección 01156
200400401158,2,4,4,1158,Sección 01158
200400401159,2,4,4,1159,Sección 01159
200400401160,2,4,4,1160,Sección 01160
200400401161,2,4,4,1161,Sección 01161
200400401162,2,4,4,1162,Sección 01162
200400401163,2,4,4,1163,Sección 01163
200400401164,2,4,4,1164,Sección 01164
200400401171,2,4,4,1171,Sección 01171
200400401172,2,4,4,1172,Sección 01172
200400401173,2,4,4,1173,Sección 01173
200400401174,2,4,4,1174,Sección 01174
200400401175,2,4,4,1175,Sección 01175
200400401176,2,4,4,1176,Sección 01176
200400401177,2,4,4,1177,Sección 01177
200400401178,2,4,4,1178,Sección 01178
200400401179,2,4,4,1179,Sección 01179
200400401180,2,4,4,1180,Sección 01180
200400401181,2,4,4,1181,Sección 01181
200400401182,2,4,4,1182,Sección 01182
200400401183,2,4,4,1183,Sección 01183
200400401184,2,4,4,1184,Sección 01184
200400401185,2,4,4,1185,Sección 01185
200400401186,2,4,4,1186,Sección 01186
200400401187,2,4,4,1187,Sección 01187
200400401188,2,4,4,1188,Sección 01188
200400401215,2,4,4,1215,Sección 01215
200400401216,2,4,4,1216,Sección 01216
200400401217,2,4,4,1217,Sección 01217
200400401218,2,4,4,1218,Sección 01218
200400401219,2,4,4,1219,Sección 01219
200400401220,2,4,4,1220,Sección 01220
200400401229,2,4,4,1229,Sección 01229
200400401230,2,4,4,1230,Sección 01230
200400401332,2,4,4,1332,Sección 01332
200400401333,2,4,4,1333,Sección 01333
200400401334,2,4,4,1334,Sección 01334
200400401335,2,4,4,1335,Sección 01335
200400401337,2,4,4,1337,Sección 01337
200400401338,2,4,4,1338,Sección 01338
200400401339,2,4,4,1339,Sección 01339
200400401371,2,4,4,1371,Sección 01371
200400401372,2,4,4,1372,Sección 01372
200400401373,2,4,4,1373,Sección 01373
200400401374,2,4,4,1374,Sección 01374
200400401375,2,4,4,1375,Sección 01375
200400401376,2,4,4,1376,Sección 01376
200400401377,2,4,4,1377,Sección 01377
200400401378,2,4,4,1378,Sección 01378
200400401379,2,4,4,1379,Sección 01379
200400401380,2,4,4,1380,Sección 01380
200400401381,2,4,4,1381,Sección 01381
200400401382,2,4,4,1382,Sección 01382
200400401383,2,4,4,1383,Sección 01383
200400401384,2,4,4,1384,Sección 01384
200400401385,2,4,4,1385,Sección 01385
200400401386,2,4,4,1386,Sección 01386
200400401387,2,4,4,1387,Sección 01387
200400401388,2,4,4,1388,Sección 01388
200400401389,2,4,4,1389,Sección 01389
200400401390,2,4,4,1390,Sección 01390
200400401391,2,4,4,1391,Sección 01391
200400401392,2,4,4,1392,Sección 01392
200400401393,2,4,4,1393,Sección 01393
200400401394,2,4,4,1394,Sección 01394
200400401395,2,4,4,1395,Sección 01395
200400401396,2,4,4,1396,Sección 01396
200400401397,2,4,4,1397,Sección 01397
200400401398,2,4,4,1398,Sección 01398
200400401399,2,4,4,1399,Sección 01399
200400401400,2,4,4,1400,Sección 01400
200400401401,2,4,4,1401,Sección 01401
200400401402,2,4,4,1402,Sección 01402
200400401403,2,4,4,1403,Sección 01403
200400401404,2,4,4,1404,Sección 01404
200400401405,2,4,4,1405,Sección 01405
200400401406,2,4,4,1406,Sección 01406
200400401407,2,4,4,1407,Sección 01407
200400401408,2,4,4,1408,Sección 01408
200400401409,2,4,4,1409,Sección 01409
200400401410,2,4,4,1410,Sección 01410
200400401411,2,4,4,1411,Sección 01411
200400401412,2,4,4,1412,Sección 01412
200400401413,2,4,4,1413,Sección 01413
200400401414,2,4,4,1414,Sección 01414
200400401415,2,4,4,1415,Sección 01415
200400401416,2,4,4,1416,Sección 01416
200400401417,2,4,4,1417,Sección 01417
200400401418,2,4,4,1418,Sección 01418
200400401419,2,4,4,1419,Sección 01419
200400401420,2,4,4,1420,Sección 01420
200400401421,2,4,4,1421,Sección 01421
200400401422,2,4,4,1422,Sección 01422
200400401423,2,4,4,1423,Sección 01423
200400401424,2,4,4,1424,Sección 01424
200400401425,2,4,4,1425,Sección 01425
200400401426,2,4,4,1426,Sección 01426
200400401427,2,4,4,1427,Sección 01427
200400401428,2,4,4,1428,Sección 01428
200400401429,2,4,4,1429,Sección 01429
200400401430,2,4,4,1430,Sección 01430
200400401431,2,4,4,1431,Sección 01431
200400401432,2,4,4,1432,Sección 01432
200400401433,2,4,4,1433,Sección 01433
200400401434,2,4,4,1434,Sección 01434
200400401435,2,4,4,1435,Sección 01435
200400401436,2,4,4,1436,Sección 01436
200400401437,2,4,4,1437,Sección 01437
200400401438,2,4,4,1438,Sección 01438
200400401439,2,4,4,1439,Sección 01439
200400401440,2,4,4,1440,Sección 01440
200400401441,2,4,4,1441,Sección 01441
200400401442,2,4,4,1442,Sección 01442
200400401443,2,4,4,1443,Sección 01443
200400401444,2,4,4,1444,Sección 01444
200400401445,2,4,4,1445,Sección 01445
200400401446,2,4,4,1446,Sección 01446
200400401447,2,4,4,1447,Sección 01447
200400401448,2,4,4,1448,Sección 01448
200400401449,2,4,4,1449,Sección 01449
200400401450,2,4,4,1450,Sección 01450
200400401451,2,4,4,1451,Sección 01451
200400401452,2,4,4,1452,Sección 01452
200400401453,2,4,4,1453,Sección 01453
200400401454,2,4,4,1454,Sección 01454
200400401455,2,4,4,1455,Sección 01455
200400401456,2,4,4,1456,Sección 01456
200400401457,2,4,4,1457,Sección 01457
200400401458,2,4,4,1458,Sección 01458
200400401459,2,4,4,1459,Sección 01459
200400401460,2,4,4,1460,Sección 01460
200400401461,2,4,4,1461,Sección 01461
200400401462,2,4,4,1462,Sección 01462
200400401463,2,4,4,1463,Sección 01463
200400401464,2,4,4,1464,Sección 01464
200400401465,2,4,4,1465,Sección 01465
200400401466,2,4,4,1466,Sección 01466
200400401467,2,4,4,1467,Sección 01467
200400401468,2,4,4,1468,Sección 01468
200400401469,2,4,4,1469,Sección 01469
200400401470,2,4,4,1470,Sección 01470
200400401471,2,4,4,1471,Sección 01471
200400401472,2,4,4,1472,Sección 01472
200400401473,2,4,4,1473,Sección 01473
200400401474,2,4,4,1474,Sección 01474
200400401475,2,4,4,1475,Sección 01475
200400401476,2,4,4,1476,Sección 01476
200400401477,2,4,4,1477,Sección 01477
200400401478,2,4,4,1478,Sección 01478
200400401479,2,4,4,1479,Sección 01479
200400401480,2,4,4,1480,Sección 01480
200400401481,2,4,4,1481,Sección 01481
200400401482,2,4,4,1482,Sección 01482
200400401483,2,4,4,1483,Sección 01483
200400401526,2,4,4,1526,Sección 01526
200400401527,2,4,4,1527,Sección 01527
200400401528,2,4,4,1528,Sección 01528
200400401529,2,4,4,1529,Sección 01529
200400401530,2,4,4,1530,Sección 01530
200400401531,2,4,4,1531,Sección 01531
200400401532,2,4,4,1532,Sección 01532
200400401533,2,4,4,1533,Sección 01533
200400401534,2,4,4,1534,Sección 01534
200400401535,2,4,4,1535,Sección 01535
200400401536,2,4,4,1536,Sección 01536
200400401537,2,4,4,1537,Sección 01537
200400401538,2,4,4,1538,Sección 01538
200400401539,2,4,4,1539,Sección 01539
200400401540,2,4,4,1540,Sección 01540
200400401541,2,4,4,1541,Sección 01541
200400401542,2,4,4,1542,Sección 01542
200400401543,2,4,4,1543,Sección 01543
200400401544,2,4,4,1544,Sección 01544
200400401545,2,4,4,1545,Sección 01545
200400401546,2,4,4,1546,Sección 01546
200400401547,2,4,4,1547,Sección 01547
200400401548,2,4,4,1548,Sección 01548
200400401549,2,4,4,1549,Sección 01549
200400401550,2,4,4,1550,Sección 01550
200400401551,2,4,4,1551,Sección 01551
200400401552,2,4,4,1552,Sección 01552
200400401553,2,4,4,1553,Sección 01553
200400401554,2,4,4,1554,Sección 01554
200400401555,2,4,4,1555,Sección 01555
200400401556,2,4,4,1556,Sección 01556
200400401557,2,4,4,1557,Sección 01557
200400401558,2,4,4,1558,Sección 01558
200400401559,2,4,4,1559,Sección 01559
200400401560,2,4,4,1560,Sección 01560
200400401561,2,4,4,1561,Sección 01561
200400401562,2,4,4,1562,Sección 01562
200400401563,2,4,4,1563,Sección 01563
200400401564,2,4,4,1564,Sección 01564
200400401565,2,4,4,1565,Sección 01565
200400401566,2,4,4,1566,Sección 01566
200400401567,2,4,4,1567,Sección 01567
200400401568,2,4,4,1568,Sección 01568
200400401569,2,4,4,1569,Sección 01569
200400401570,2,4,4,1570,Sección 01570
200400401571,2,4,4,1571,Sección 01571
200400401572,2,4,4,1572,Sección 01572
200400401573,2,4,4,1573,Sección 01573
200400401574,2,4,4,1574,Sección 01574
200400401575,2,4,4,1575,Sección 01575
200400401576,2,4,4,1576,Sección 01576
200400401577,2,4,4,1577,Sección 01577
200400401578,2,4,4,1578,Sección 01578
200400401579,2,4,4,1579,Sección 01579
200400401580,2,4,4,1580,Sección 01580
200400401581,2,4,4,1581,Sección 01581
200400401582,2,4,4,1582,Sección 01582
200400401583,2,4,4,1583,Sección 01583
200400401584,2,4,4,1584,Sección 01584
200400401585,2,4,4,1585,Sección 01585
200400401586,2,4,4,1586,Sección 01586
200400401587,2,4,4,1587,Sección 01587
200400401588,2,4,4,1588,Sección 01588
200400401589,2,4,4,1589,Sección 01589
200400401590,2,4,4,1590,Sección 01590
200400401591,2,4,4,1591,Sección 01591
200400401592,2,4,4,1592,Sección 01592
200400401593,2,4,4,1593,Sección 01593
200400401594,2,4,4,1594,Sección 01594
200400401595,2,4,4,1595,Sección 01595
200400401596,2,4,4,1596,Sección 01596
200400401597,2,4,4,1597,Sección 01597
200400401598,2,4,4,1598,Sección 01598
200400401599,2,4,4,1599,Sección 01599
200400401600,2,4,4,1600,Sección 01600
200400401601,2,4,4,1601,Sección 01601
200400401602,2,4,4,1602,Sección 01602
200400401603,2,4,4,1603,Sección 01603
200400401604,2,4,4,1604,Sección 01604
200400401605,2,4,4,1605,Sección 01605
200400401606,2,4,4,1606,Sección 01606
200400401607,2,4,4,1607,Sección 01607
200400401608,2,4,4,1608,Sección 01608
200400401609,2,4,4,1609,Sección 01609
200400401610,2,4,4,1610,Sección 01610
200400401611,2,4,4,1611,Sección 01611
200400401612,2,4,4,1612,Sección 01612
200400401613,2,4,4,1613,Sección 01613
200400401614,2,4,4,1614,Sección 01614
200400401615,2,4,4,1615,Sección 01615
200400401616,2,4,4,1616,Sección 01616
200400401617,2,4,4,1617,Sección 01617
200400401618,2,4,4,1618,Sección 01618
200400401619,2,4,4,1619,Sección 01619
200400401620,2,4,4,1620,Sección 01620
200400401621,2,4,4,1621,Sección 01621
200400401622,2,4,4,1622,Sección 01622
200400401623,2,4,4,1623,Sección 01623
200400401624,2,4,4,1624,Sección 01624
200400401625,2,4,4,1625,Sección 01625
200400401626,2,4,4,1626,Sección 01626
200400401627,2,4,4,1627,Sección 01627
200400401628,2,4,4,1628,Sección 01628
200400401629,2,4,4,1629,Sección 01629
200400401630,2,4,4,1630,Sección 01630
200400401631,2,4,4,1631,Sección 01631
200400401632,2,4,4,1632,Sección 01632
200400401633,2,4,4,1633,Sección 01633
200400401634,2,4,4,1634,Sección 01634
200400401635,2,4,4,1635,Sección 01635
200400401636,2,4,4,1636,Sección 01636
200400401637,2,4,4,1637,Sección 01637
200400401638,2,4,4,1638,Sección 01638
200400401639,2,4,4,1639,Sección 01639
200400401640,2,4,4,1640,Sección 01640
200400401641,2,4,4,1641,Sección 01641
200500400868,2,5,4,868,Sección 00868
200500400869,2,5,4,869,Sección 00869
200500400870,2,5,4,870,Sección 00870
200500400871,2,5,4,871,Sección 00871
200500400872,2,5,4,872,Sección 00872
200500400873,2,5,4,873,Sección 00873
200500400874,2,5,4,874,Sección 00874
200500400875,2,5,4,875,Sección 00875
200500400876,2,5,4,876,Sección 00876
200500400877,2,5,4,877,Sección 00877
200500400878,2,5,4,878,Sección 00878
200500400879,2,5,4,879,Sección 00879
200500400880,2,5,4,880,Sección 00880
200500400881,2,5,4,881,Sección 00881
200500400882,2,5,4,882,Sección 00882
200500400883,2,5,4,883,Sección 00883
200500400884,2,5,4,884,Sección 00884
200500400885,2,5,4,885,Sección 00885
200500400886,2,5,4,886,Sección 00886
200500400887,2,5,4,887,Sección 00887
200500400900,2,5,4,900,Sección 00900
200500400901,2,5,4,901,Sección 00901
200500400927,2,5,4,927,Sección 00927
200500400928,2,5,4,928,Sección 00928
200500400929,2,5,4,929,Sección 00929
200500400930,2,5,4,930,Sección 00930
200500400931,2,5,4,931,Sección 00931
200500400932,2,5,4,932,Sección 00932
200500400933,2,5,4,933,Sección 00933
200500400934,2,5,4,934,Sección 00934
200500400935,2,5,4,935,Sección 00935
200500400936,2,5,4,936,Sección 00936
200500400937,2,5,4,937,Sección 00937
200500400938,2,5,4,938,Sección 00938
200500400939,2,5,4,939,Sección 00939
200500400940,2,5,4,940,Sección 00940
200500400941,2,5,4,941,Sección 00941
200500400942,2,5,4,942,Sección 00942
200500400943,2,5,4,943,Sección 00943
200500400957,2,5,4,957,Sección 00957
200500400958,2,5,4,958,Sección 00958
200500400959,2,5,4,959,Sección 00959
200500400960,2,5,4,960,Sección 00960
200500400961,2,5,4,961,Sección 00961
200500400962,2,5,4,962,Sección 00962
200500400963,2,5,4,963,Sección 00963
200500400964,2,5,4,964,Sección 00964
200500400965,2,5,4,965,Sección 00965
200500400970,2,5,4,970,Sección 00970
200500400971,2,5,4,971,Sección 00971
200500400972,2,5,4,972,Sección 00972
200500400973,2,5,4,973,Sección 00973
200500400974,2,5,4,974,Sección 00974
200500400975,2,5,4,975,Sección 00975
200500400976,2,5,4,976,Sección 00976
200500400999,2,5,4,999,Sección 00999
200500401014,2,5,4,1014,Sección 01014
200500401015,2,5,4,1015,Sección 01015
200500401016,2,5,4,1016,Sección 01016
200500401019,2,5,4,1019,Sección 01019
200500401020,2,5,4,1020,Sección 01020
200500401021,2,5,4,1021,Sección 01021
200500401022,2,5,4,1022,Sección 01022
200500401025,2,5,4,1025,Sección 01025
200500401030,2,5,4,1030,Sección 01030
200500401038,2,5,4,1038,Sección 01038
200500401039,2,5,4,1039,Sección 01039
200500401040,2,5,4,1040,Sección 01040
200500401041,2,5,4,1041,Sección 01041
200500401042,2,5,4,1042,Sección 01042
200500401043,2,5,4,1043,Sección 01043
200500401044,2,5,4,1044,Sección 01044
200500401045,2,5,4,1045,Sección 01045
200500401046,2,5,4,1046,Sección 01046
200500401047,2,5,4,1047,Sección 01047
200500401048,2,5,4,1048,Sección 01048
200500401051,2,5,4,1051,Sección 01051
200500401052,2,5,4,1052,Sección 01052
200500401053,2,5,4,1053,Sección 01053
200500401054,2,5,4,1054,Sección 01054
200500401055,2,5,4,1055,Sección 01055
200500401056,2,5,4,1056,Sección 01056
200500401057,2,5,4,1057,Sección 01057
200500401058,2,5,4,1058,Sección 01058
200500401059,2,5,4,1059,Sección 01059
200500401060,2,5,4,1060,Sección 01060
200500401061,2,5,4,1061,Sección 01061
200500401062,2,5,4,1062,Sección 01062
200500401063,2,5,4,1063,Sección 01063
200500401064,2,5,4,1064,Sección 01064
200500401065,2,5,4,1065,Sección 01065
200500401066,2,5,4,1066,Sección 01066
200500401067,2,5,4,1067,Sección 01067
200500401068,2,5,4,1068,Sección 01068
200500401069,2,5,4,1069,Sección 01069
200500401070,2,5,4,1070,Sección 01070
200500401071,2,5,4,1071,Sección 01071
200500401072,2,5,4,1072,Sección 01072
200500401073,2,5,4,1073,Sección 01073
200500401074,2,5,4,1074,Sección 01074
200500401075,2,5,4,1075,Sección 01075
200500401076,2,5,4,1076,Sección 01076
200500401077,2,5,4,1077,Sección 01077
200500401078,2,5,4,1078,Sección 01078
200500401079,2,5,4,1079,Sección 01079
200500401080,2,5,4,1080,Sección 01080
200500401081,2,5,4,1081,Sección 01081
200500401082,2,5,4,1082,Sección 01082
200500401083,2,5,4,1083,Sección 01083
200500401084,2,5,4,1084,Sección 01084
200500401085,2,5,4,1085,Sección 01085
200500401086,2,5,4,1086,Sección 01086
200500401087,2,5,4,1087,Sección 01087
200500401088,2,5,4,1088,Sección 01088
200500401089,2,5,4,1089,Sección 01089
200500401090,2,5,4,1090,Sección 01090
200500401091,2,5,4,1091,Sección 01091
200500401092,2,5,4,1092,Sección 01092
200500401093,2,5,4,1093,Sección 01093
200500401094,2,5,4,1094,Sección 01094
200500401095,2,5,4,1095,Sección 01095
200500401096,2,5,4,1096,Sección 01096
200500401097,2,5,4,1097,Sección 01097
200500401098,2,5,4,1098,Sección 01098
200500401099,2,5,4,1099,Sección 01099
200500401100,2,5,4,1100,Sección 01100
200500401101,2,5,4,1101,Sección 01101
200500401102,2,5,4,1102,Sección 01102
200500401103,2,5,4,1103,Sección 01103
200500401104,2,5,4,1104,Sección 01104
200500401105,2,5,4,1105,Sección 01105
200500401106,2,5,4,1106,Sección 01106
200500401107,2,5,4,1107,Sección 01107
200500401108,2,5,4,1108,Sección 01108
200500401109,2,5,4,1109,Sección 01109
200500401110,2,5,4,1110,Sección 01110
200500401111,2,5,4,1111,Sección 01111
200500401112,2,5,4,1112,Sección 01112
200500401113,2,5,4,1113,Sección 01113
200500401114,2,5,4,1114,Sección 01114
200500401115,2,5,4,1115,Sección 01115
200500401116,2,5,4,1116,Sección 01116
200500401117,2,5,4,1117,Sección 01117
200500401118,2,5,4,1118,Sección 01118
200500401119,2,5,4,1119,Sección 01119
200500401122,2,5,4,1122,Sección 01122
200500401123,2,5,4,1123,Sección 01123
200500401128,2,5,4,1128,Sección 01128
200500401129,2,5,4,1129,Sección 01129
200500401130,2,5,4,1130,Sección 01130
200500401131,2,5,4,1131,Sección 01131
200500401132,2,5,4,1132,Sección 01132
200500401133,2,5,4,1133,Sección 01133
200500401134,2,5,4,1134,Sección 01134
200500401135,2,5,4,1135,Sección 01135
200500401136,2,5,4,1136,Sección 01136
200500401137,2,5,4,1137,Sección 01137
200500401138,2,5,4,1138,Sección 01138
200500401139,2,5,4,1139,Sección 01139
200500401140,2,5,4,1140,Sección 01140
200500401150,2,5,4,1150,Sección 01150
200500401299,2,5,4,1299,Sección 01299
200500401300,2,5,4,1300,Sección 01300
200500401301,2,5,4,1301,Sección 01301
200500401302,2,5,4,1302,Sección 01302
200500401303,2,5,4,1303,Sección 01303
200500401304,2,5,4,1304,Sección 01304
200500401305,2,5,4,1305,Sección 01305
200500401306,2,5,4,1306,Sección 01306
200500401307,2,5,4,1307,Sección 01307
200500401308,2,5,4,1308,Sección 01308
200500401309,2,5,4,1309,Sección 01309
200500401310,2,5,4,1310,Sección 01310
200500401311,2,5,4,1311,Sección 01311
200500401312,2,5,4,1312,Sección 01312
200500401313,2,5,4,1313,Sección 01313
200500401314,2,5,4,1314,Sección 01314
200500401315,2,5,4,1315,Sección 01315
200500401316,2,5,4,1316,Sección 01316
200500401317,2,5,4,1317,Sección 01317
200500401318,2,5,4,1318,Sección 01318
200500401319,2,5,4,1319,Sección 01319
200500401320,2,5,4,1320,Sección 01320
200500401321,2,5,4,1321,Sección 01321
200500401322,2,5,4,1322,Sección 01322
200500401323,2,5,4,1323,Sección 01323
200500401324,2,5,4,1324,Sección 01324
200500401325,2,5,4,1325,Sección 01325
200500401326,2,5,4,1326,Sección 01326
200500401327,2,5,4,1327,Sección 01327
200500401328,2,5,4,1328,Sección 01328
200500401329,2,5,4,1329,Sección 01329
200500401330,2,5,4,1330,Sección 01330
200500401331,2,5,4,1331,Sección 01331
200600400735,2,6,4,735,Sección 00735
200600400736,2,6,4,736,Sección 00736
200600400737,2,6,4,737,Sección 00737
200600400738,2,6,4,738,Sección 00738
200600400739,2,6,4,739,Sección 00739
200600400740,2,6,4,740,Sección 00740
200600400741,2,6,4,741,Sección 00741
200600400742,2,6,4,742,Sección 00742
200600400743,2,6,4,743,Sección 00743
200600400744,2,6,4,744,Sección 00744
200600400745,2,6,4,745,Sección 00745
200600400746,2,6,4,746,Sección 00746
200600400747,2,6,4,747,Sección 00747
200600400748,2,6,4,748,Sección 00748
200600400749,2,6,4,749,Sección 00749
200600400750,2,6,4,750,Sección 00750
200600400751,2,6,4,751,Sección 00751
200600400752,2,6,4,752,Sección 00752
200600400753,2,6,4,753,Sección 00753
200600400754,2,6,4,754,Sección 00754
200600400755,2,6,4,755,Sección 00755
200600400756,2,6,4,756,Sección 00756
200600400757,2,6,4,757,Sección 00757
200600400758,2,6,4,758,Sección 00758
200600400759,2,6,4,759,Sección 00759
200600400760,2,6,4,760,Sección 00760
200600400761,2,6,4,761,Sección 00761
200600400762,2,6,4,762,Sección 00762
200600400763,2,6,4,763,Sección 00763
200600400764,2,6,4,764,Sección 00764
200600400765,2,6,4,765,Sección 00765
200600400766,2,6,4,766,Sección 00766
200600400767,2,6,4,767,Sección 00767
200600400768,2,6,4,768,Sección 00768
200600400769,2,6,4,769,Sección 00769
200600400770,2,6,4,770,Sección 00770
200600400771,2,6,4,771,Sección 00771
200600400772,2,6,4,772,Sección 00772
200600400773,2,6,4,773,Sección 00773
200600400774,2,6,4,774,Sección 00774
200600400775,2,6,4,775,Sección 00775
200600400776,2,6,4,776,Sección 00776
200600400777,2,6,4,777,Sección 00777
200600400778,2,6,4,778,Sección 00778
200600400779,2,6,4,779,Sección 00779
200600400780,2,6,4,780,Sección 00780
200600400781,2,6,4,781,Sección 00781
200600400782,2,6,4,782,Sección 00782
200600400783,2,6,4,783,Sección 00783
200600400784,2,6,4,784,Sección 00784
200600400785,2,6,4,785,Sección 00785
200600400786,2,6,4,786,Sección 00786
200600400787,2,6,4,787,Sección 00787
200600400788,2,6,4,788,Sección 00788
200600400789,2,6,4,789,Sección 00789
200600400790,2,6,4,790,Sección 00790
200600400791,2,6,4,791,Sección 00791
200600400792,2,6,4,792,Sección 00792
200600400793,2,6,4,793,Sección 00793
200600400794,2,6,4,794,Sección 00794
200600400795,2,6,4,795,Sección 00795
200600400796,2,6,4,796,Sección 00796
200600400797,2,6,4,797,Sección 00797
200600400798,2,6,4,798,Sección 00798
200600400799,2,6,4,799,Sección 00799
200600400800,2,6,4,800,Sección 00800
200600400801,2,6,4,801,Sección 00801
200600400802,2,6,4,802,Sección 00802
200600400803,2,6,4,803,Sección 00803
200600400804,2,6,4,804,Sección 00804
200600400805,2,6,4,805,Sección 00805
200600400806,2,6,4,806,Sección 00806
200600400807,2,6,4,807,Sección 00807
200600400808,2,6,4,808,Sección 00808
200600400809,2,6,4,809,Sección 00809
200600400810,2,6,4,810,Sección 00810
200600400811,2,6,4,811,Sección 00811
200600400812,2,6,4,812,Sección 00812
200600400813,2,6,4,813,Sección 00813
200600400814,2,6,4,814,Sección 00814
200600400815,2,6,4,815,Sección 00815
200600400816,2,6,4,816,Sección 00816
200600400817,2,6,4,817,Sección 00817
200600400818,2,6,4,818,Sección 00818
200600400819,2,6,4,819,Sección 00819
200600400820,2,6,4,820,Sección 00820
200600400821,2,6,4,821,Sección 00821
200600400822,2,6,4,822,Sección 00822
200600400823,2,6,4,823,Sección 00823
200600400824,2,6,4,824,Sección 00824
200600400825,2,6,4,825,Sección 00825
200600400826,2,6,4,826,Sección 00826
200600400827,2,6,4,827,Sección 00827
200600400828,2,6,4,828,Sección 00828
200600400829,2,6,4,829,Sección 00829
200600400830,2,6,4,830,Sección 00830
200600400831,2,6,4,831,Sección 00831
200600400832,2,6,4,832,Sección 00832
200600400833,2,6,4,833,Sección 00833
200600400834,2,6,4,834,Sección 00834
200600400835,2,6,4,835,Sección 00835
200600400836,2,6,4,836,Sección 00836
200600400837,2,6,4,837,Sección 00837
200600400838,2,6,4,838,Sección 00838
200600400839,2,6,4,839,Sección 00839
200600400840,2,6,4,840,Sección 00840
200600400841,2,6,4,841,Sección 00841
200600400842,2,6,4,842,Sección 00842
200600400843,2,6,4,843,Sección 00843
200600400844,2,6,4,844,Sección 00844
200600400845,2,6,4,845,Sección 00845
200600400846,2,6,4,846,Sección 00846
200600400847,2,6,4,847,Sección 00847
200600400848,2,6,4,848,Sección 00848
200600400849,2,6,4,849,Sección 00849
200600400850,2,6,4,850,Sección 00850
200600400851,2,6,4,851,Sección 00851
200600400852,2,6,4,852,Sección 00852
200600400853,2,6,4,853,Sección 00853
200600400854,2,6,4,854,Sección 00854
200600400855,2,6,4,855,Sección 00855
200600400856,2,6,4,856,Sección 00856
200600400857,2,6,4,857,Sección 00857
200600400858,2,6,4,858,Sección 00858
200600400859,2,6,4,859,Sección 00859
200600400860,2,6,4,860,Sección 00860
200600400861,2,6,4,861,Sección 00861
200600400862,2,6,4,862,Sección 00862
200600400863,2,6,4,863,Sección 00863
200600400864,2,6,4,864,Sección 00864
200600400865,2,6,4,865,Sección 00865
200600400866,2,6,4,866,Sección 00866
200600400867,2,6,4,867,Sección 00867
200600400888,2,6,4,888,Sección 00888
200600400889,2,6,4,889,Sección 00889
200600400890,2,6,4,890,Sección 00890
200600400891,2,6,4,891,Sección 00891
200600400892,2,6,4,892,Sección 00892
200600400893,2,6,4,893,Sección 00893
200600400894,2,6,4,894,Sección 00894
200600400895,2,6,4,895,Sección 00895
200600400896,2,6,4,896,Sección 00896
200600400897,2,6,4,897,Sección 00897
200600400898,2,6,4,898,Sección 00898
200600400899,2,6,4,899,Sección 00899
200600400902,2,6,4,902,Sección 00902
200600400903,2,6,4,903,Sección 00903
200600400904,2,6,4,904,Sección 00904
200600400905,2,6,4,905,Sección 00905
200600400906,2,6,4,906,Sección 00906
200600400907,2,6,4,907,Sección 00907
200600400908,2,6,4,908,Sección 00908
200600400909,2,6,4,909,Sección 00909
200600400910,2,6,4,910,Sección 00910
200600400911,2,6,4,911,Sección 00911
200600400912,2,6,4,912,Sección 00912
200600400913,2,6,4,913,Sección 00913
200600400914,2,6,4,914,Sección 00914
200600400915,2,6,4,915,Sección 00915
200600400916,2,6,4,916,Sección 00916
200600400917,2,6,4,917,Sección 00917
200600400918,2,6,4,918,Sección 00918
200600400919,2,6,4,919,Sección 00919
200600400920,2,6,4,920,Sección 00920
200600400921,2,6,4,921,Sección 00921
200600400922,2,6,4,922,Sección 00922
200600400923,2,6,4,923,Sección 00923
200600400924,2,6,4,924,Sección 00924
200600400925,2,6,4,925,Sección 00925
200600400926,2,6,4,926,Sección 00926
200600400944,2,6,4,944,Sección 00944
200600400945,2,6,4,945,Sección 00945
200600400946,2,6,4,946,Sección 00946
200600400947,2,6,4,947,Sección 00947
200600400948,2,6,4,948,Sección 00948
200600400949,2,6,4,949,Sección 00949
200600400950,2,6,4,950,Sección 00950
200600400951,2,6,4,951,Sección 00951
200600400952,2,6,4,952,Sección 00952
200600400953,2,6,4,953,Sección 00953
200600400954,2,6,4,954,Sección 00954
200600400955,2,6,4,955,Sección 00955
200600400956,2,6,4,956,Sección 00956
200600400977,2,6,4,977,Sección 00977
200600400978,2,6,4,978,Sección 00978
200600400979,2,6,4,979,Sección 00979
200600400980,2,6,4,980,Sección 00980
200600400981,2,6,4,981,Sección 00981
200600400982,2,6,4,982,Sección 00982
200600400983,2,6,4,983,Sección 00983
200600400984,2,6,4,984,Sección 00984
200600400985,2,6,4,985,Sección 00985
200600400986,2,6,4,986,Sección 00986
200600400987,2,6,4,987,Sección 00987
200600400988,2,6,4,988,Sección 00988
200600400989,2,6,4,989,Sección 00989
200600400990,2,6,4,990,Sección 00990
200600400991,2,6,4,991,Sección 00991
200600400992,2,6,4,992,Sección 00992
200600400993,2,6,4,993,Sección 00993
200600400994,2,6,4,994,Sección 00994
200600400995,2,6,4,995,Sección 00995
200600400996,2,6,4,996,Sección 00996
200600400997,2,6,4,997,Sección 00997
200600400998,2,6,4,998,Sección 00998
200600401017,2,6,4,1017,Sección 01017
200600401018,2,6,4,1018,Sección 01018
200600401023,2,6,4,1023,Sección 01023
200600401024,2,6,4,1024,Sección 01024
200600401026,2,6,4,1026,Sección 01026
200600401027,2,6,4,1027,Sección 01027
200600401028,2,6,4,1028,Sección 01028
200600401029,2,6,4,1029,Sección 01029
200600401245,2,6,4,1245,Sección 01245
200600401246,2,6,4,1246,Sección 01246
200600401247,2,6,4,1247,Sección 01247
200600401248,2,6,4,1248,Sección 01248
200600401249,2,6,4,1249,Sección 01249
200600401250,2,6,4,1250,Sección 01250
200600401251,2,6,4,1251,Sección 01251
200600401252,2,6,4,1252,Sección 01252
200600401253,2,6,4,1253,Sección 01253
200600401254,2,6,4,1254,Sección 01254
200600401255,2,6,4,1255,Sección 01255
200600401256,2,6,4,1256,Sección 01256
200600401257,2,6,4,1257,Sección 01257
200600401258,2,6,4,1258,Sección 01258
200600401358,2,6,4,1358,Sección 01358
200600401359,2,6,4,1359,Sección 01359
200600401360,2,6,4,1360,Sección 01360
200600401361,2,6,4,1361,Sección 01361
200600401362,2,6,4,1362,Sección 01362
200600401484,2,6,4,1484,Sección 01484
200600401485,2,6,4,1485,Sección 01485
200600401486,2,6,4,1486,Sección 01486
200600401487,2,6,4,1487,Sección 01487
200600401488,2,6,4,1488,Sección 01488
200600401489,2,6,4,1489,Sección 01489
200600401490,2,6,4,1490,Sección 01490
200600401491,2,6,4,1491,Sección 01491
200600401492,2,6,4,1492,Sección 01492
200600401493,2,6,4,1493,Sección 01493
200600401494,2,6,4,1494,Sección 01494
200600401495,2,6,4,1495,Sección 01495
200600401496,2,6,4,1496,Sección 01496
200600401497,2,6,4,1497,Sección 01497
200600401498,2,6,4,1498,Sección 01498
200600401499,2,6,4,1499,Sección 01499
200600401500,2,6,4,1500,Sección 01500
200600401501,2,6,4,1501,Sección 01501
200600401502,2,6,4,1502,Sección 01502
200600401503,2,6,4,1503,Sección 01503
200600401504,2,6,4,1504,Sección 01504
200600401505,2,6,4,1505,Sección 01505
200600401506,2,6,4,1506,Sección 01506
200600401507,2,6,4,1507,Sección 01507
200600401508,2,6,4,1508,Sección 01508
200600401509,2,6,4,1509,Sección 01509
200600401510,2,6,4,1510,Sección 01510
200600401511,2,6,4,1511,Sección 01511
200600401512,2,6,4,1512,Sección 01512
200600401513,2,6,4,1513,Sección 01513
200600401514,2,6,4,1514,Sección 01514
200600401515,2,6,4,1515,Sección 01515
200600401516,2,6,4,1516,Sección 01516
200600401517,2,6,4,1517,Sección 01517
200600401518,2,6,4,1518,Sección 01518
200600401519,2,6,4,1519,Sección 01519
200600401520,2,6,4,1520,Sección 01520
200600401521,2,6,4,1521,Sección 01521
200600401522,2,6,4,1522,Sección 01522
200600401523,2,6,4,1523,Sección 01523
200600401524,2,6,4,1524,Sección 01524
200600401525,2,6,4,1525,Sección 01525
200700100012,2,7,1,12,Sección 00012
200700100013,2,7,1,13,Sección 00013
200700100014,2,7,1,14,Sección 00014
200700100036,2,7,1,36,Sección 00036
200700100060,2,7,1,60,Sección 00060
200700100061,2,7,1,61,Sección 00061
200700100062,2,7,1,62,Sección 00062
200700100079,2,7,1,79,Sección 00079
200700100080,2,7,1,80,Sección 00080
200700100081,2,7,1,81,Sección 00081
200700100082,2,7,1,82,Sección 00082
200700100083,2,7,1,83,Sección 00083
200700100084,2,7,1,84,Sección 00084
200700100092,2,7,1,92,Sección 00092
200700100093,2,7,1,93,Sección 00093
200700100094,2,7,1,94,Sección 00094
200700100095,2,7,1,95,Sección 00095
200700100096,2,7,1,96,Sección 00096
200700100097,2,7,1,97,Sección 00097
200700100098,2,7,1,98,Sección 00098
200700100099,2,7,1,99,Sección 00099
200700100100,2,7,1,100,Sección 00100
200700100101,2,7,1,101,Sección 00101
200700100102,2,7,1,102,Sección 00102
200700100107,2,7,1,107,Sección 00107
200700100108,2,7,1,108,Sección 00108
200700100109,2,7,1,109,Sección 00109
200700100128,2,7,1,128,Sección 00128
200700100129,2,7,1,129,Sección 00129
200700100169,2,7,1,169,Sección 00169
200700100170,2,7,1,170,Sección 00170
200700100171,2,7,1,171,Sección 00171
200700100172,2,7,1,172,Sección 00172
200700200211,2,7,2,211,Sección 00211
200700200212,2,7,2,212,Sección 00212
200700200233,2,7,2,233,Sección 00233
200700200234,2,7,2,234,Sección 00234
200700200235,2,7,2,235,Sección 00235
200700200236,2,7,2,236,Sección 00236
200700200252,2,7,2,252,Sección 00252
200700200253,2,7,2,253,Sección 00253
200700200254,2,7,2,254,Sección 00254
200700200255,2,7,2,255,Sección 00255
200700200256,2,7,2,256,Sección 00256
200700200257,2,7,2,257,Sección 00257
200700200280,2,7,2,280,Sección 00280
200700200281,2,7,2,281,Sección 00281
200700200282,2,7,2,282,Sección 00282
200700200283,2,7,2,283,Sección 00283
200700200284,2,7,2,284,Sección 00284
200700200305,2,7,2,305,Sección 00305
200700200306,2,7,2,306,Sección 00306
200700200307,2,7,2,307,Sección 00307
200700200308,2,7,2,308,Sección 00308
200700200322,2,7,2,322,Sección 00322
200700200323,2,7,2,323,Sección 00323
200700200327,2,7,2,327,Sección 00327
200700200328,2,7,2,328,Sección 00328
200700200329,2,7,2,329,Sección 00329
200700200330,2,7,2,330,Sección 00330
200700200331,2,7,2,331,Sección 00331
200700200332,2,7,2,332,Sección 00332
200700200333,2,7,2,333,Sección 00333
200700200334,2,7,2,334,Sección 00334
200700200335,2,7,2,335,Sección 00335
200700200336,2,7,2,336,Sección 00336
200700200337,2,7,2,337,Sección 00337
200700200343,2,7,2,343,Sección 00343
200700200344,2,7,2,344,Sección 00344
200700200345,2,7,2,345,Sección 00345
200700200346,2,7,2,346,Sección 00346
200700200347,2,7,2,347,Sección 00347
200700200348,2,7,2,348,Sección 00348
200700200349,2,7,2,349,Sección 00349
200700200350,2,7,2,350,Sección 00350
200700200351,2,7,2,351,Sección 00351
200700200352,2,7,2,352,Sección 00352
200700200353,2,7,2,353,Sección 00353
200700200354,2,7,2,354,Sección 00354
200700200355,2,7,2,355,Sección 00355
200700200356,2,7,2,356,Sección 00356
200700200357,2,7,2,357,Sección 00357
200700200517,2,7,2,517,Sección 00517
200700200518,2,7,2,518,Sección 00518
200700200519,2,7,2,519,Sección 00519
200700200520,2,7,2,520,Sección 00520
200700200521,2,7,2,521,Sección 00521
200700200522,2,7,2,522,Sección 00522
200700200523,2,7,2,523,Sección 00523
200700200524,2,7,2,524,Sección 00524
200700200525,2,7,2,525,Sección 00525
200700200526,2,7,2,526,Sección 00526
200700200527,2,7,2,527,Sección 00527
200700200528,2,7,2,528,Sección 00528
200700200529,2,7,2,529,Sección 00529
200700200530,2,7,2,530,Sección 00530
200700200531,2,7,2,531,Sección 00531
200700200532,2,7,2,532,Sección 00532
200700200533,2,7,2,533,Sección 00533
200700200534,2,7,2,534,Sección 00534
200700200535,2,7,2,535,Sección 00535
200700200536,2,7,2,536,Sección 00536
200700200537,2,7,2,537,Sección 00537
200700200538,2,7,2,538,Sección 00538
200700200539,2,7,2,539,Sección 00539
200700200540,2,7,2,540,Sección 00540
200700200541,2,7,2,541,Sección 00541
200700200542,2,7,2,542,Sección 00542
200700200543,2,7,2,543,Sección 00543
200700200544,2,7,2,544,Sección 00544
200700200545,2,7,2,545,Sección 00545
200700200546,2,7,2,546,Sección 00546
200700200547,2,7,2,547,Sección 00547
200700200565,2,7,2,565,Sección 00565
200700200566,2,7,2,566,Sección 00566
200700200567,2,7,2,567,Sección 00567
200700200568,2,7,2,568,Sección 00568
200700200672,2,7,2,672,Sección 00672
200700201642,2,7,2,1642,Sección 01642
200700201643,2,7,2,1643,Sección 01643
200700201644,2,7,2,1644,Sección 01644
200700201645,2,7,2,1645,Sección 01645
200700201646,2,7,2,1646,Sección 01646
200700201647,2,7,2,1647,Sección 01647
200700201648,2,7,2,1648,Sección 01648
200700201649,2,7,2,1649,Sección 01649
200700201650,2,7,2,1650,Sección 01650
200700201651,2,7,2,1651,Sección 01651
200700201652,2,7,2,1652,Sección 01652
200700201653,2,7,2,1653,Sección 01653
200700201654,2,7,2,1654,Sección 01654
200700201655,2,7,2,1655,Sección 01655
200700201656,2,7,2,1656,Sección 01656
200700201657,2,7,2,1657,Sección 01657
200700201658,2,7,2,1658,Sección 01658
200700201659,2,7,2,1659,Sección 01659
200700201660,2,7,2,1660,Sección 01660
200700201661,2,7,2,1661,Sección 01661
200700201662,2,7,2,1662,Sección 01662
200700201663,2,7,2,1663,Sección 01663
200700201664,2,7,2,1664,Sección 01664
200700201665,2,7,2,1665,Sección 01665
200700201666,2,7,2,1666,Sección 01666
200700201667,2,7,2,1667,Sección 01667
200700201668,2,7,2,1668,Sección 01668
200700201669,2,7,2,1669,Sección 01669
200700201670,2,7,2,1670,Sección 01670
200700201671,2,7,2,1671,Sección 01671
200700201672,2,7,2,1672,Sección 01672
200700201673,2,7,2,1673,Sección 01673
200700201674,2,7,2,1674,Sección 01674
200700201675,2,7,2,1675,Sección 01675
200700201676,2,7,2,1676,Sección 01676
200700201677,2,7,2,1677,Sección 01677
200700300694,2,7,3,694,Sección 00694
200700300695,2,7,3,695,Sección 00695
200700300696,2,7,3,696,Sección 00696
200700300697,2,7,3,697,Sección 00697
200700300698,2,7,3,698,Sección 00698
200700300699,2,7,3,699,Sección 00699
200700300700,2,7,3,700,Sección 00700
200700300701,2,7,3,701,Sección 00701
200700300702,2,7,3,702,Sección 00702
200700300703,2,7,3,703,Sección 00703
200700300704,2,7,3,704,Sección 00704
200700300705,2,7,3,705,Sección 00705
200700300706,2,7,3,706,Sección 00706
200700300707,2,7,3,707,Sección 00707
200700300708,2,7,3,708,Sección 00708
200700300709,2,7,3,709,Sección 00709
200700300710,2,7,3,710,Sección 00710
200700300711,2,7,3,711,Sección 00711
200700300712,2,7,3,712,Sección 00712
200700300713,2,7,3,713,Sección 00713
200700300714,2,7,3,714,Sección 00714
200700300715,2,7,3,715,Sección 00715
200700300716,2,7,3,716,Sección 00716
200700300717,2,7,3,717,Sección 00717
200700300718,2,7,3,718,Sección 00718
200700300719,2,7,3,719,Sección 00719
200700300720,2,7,3,720,Sección 00720
200700300721,2,7,3,721,Sección 00721
200700300722,2,7,3,722,Sección 00722
200700300723,2,7,3,723,Sección 00723
200700300724,2,7,3,724,Sección 00724
200700300725,2,7,3,725,Sección 00725
200700300726,2,7,3,726,Sección 00726
200700300727,2,7,3,727,Sección 00727
200700300728,2,7,3,728,Sección 00728
200700300729,2,7,3,729,Sección 00729
200700300730,2,7,3,730,Sección 00730
200700300731,2,7,3,731,Sección 00731
200700300732,2,7,3,732,Sección 00732
200700300733,2,7,3,733,Sección 00733
200700300734,2,7,3,734,Sección 00734
200800400966,2,8,4,966,Sección 00966
200800400967,2,8,4,967,Sección 00967
200800400968,2,8,4,968,Sección 00968
200800400969,2,8,4,969,Sección 00969
200800401000,2,8,4,1000,Sección 01000
200800401001,2,8,4,1001,Sección 01001
200800401002,2,8,4,1002,Sección 01002
200800401003,2,8,4,1003,Sección 01003
200800401004,2,8,4,1004,Sección 01004
200800401005,2,8,4,1005,Sección 01005
200800401006,2,8,4,1006,Sección 01006
200800401007,2,8,4,1007,Sección 01007
200800401008,2,8,4,1008,Sección 01008
200800401009,2,8,4,1009,Sección 01009
200800401010,2,8,4,1010,Sección 01010
200800401011,2,8,4,1011,Sección 01011
200800401012,2,8,4,1012,Sección 01012
200800401013,2,8,4,1013,Sección 01013
200800401031,2,8,4,1031,Sección 01031
200800401032,2,8,4,1032,Sección 01032
200800401033,2,8,4,1033,Sección 01033
200800401034,2,8,4,1034,Sección 01034
200800401035,2,8,4,1035,Sección 01035
200800401036,2,8,4,1036,Sección 01036
200800401037,2,8,4,1037,Sección 01037
200800401165,2,8,4,1165,Sección 01165
200800401166,2,8,4,1166,Sección 01166
200800401167,2,8,4,1167,Sección 01167
200800401168,2,8,4,1168,Sección 01168
200800401169,2,8,4,1169,Sección 01169
200800401170,2,8,4,1170,Sección 01170
200800401190,2,8,4,1190,Sección 01190
200800401191,2,8,4,1191,Sección 01191
200800401192,2,8,4,1192,Sección 01192
200800401193,2,8,4,1193,Sección 01193
200800401195,2,8,4,1195,Sección 01195
200800401196,2,8,4,1196,Sección 01196
200800401197,2,8,4,1197,Sección 01197
200800401198,2,8,4,1198,Sección 01198
200800401199,2,8,4,1199,Sección 01199
200800401200,2,8,4,1200,Sección 01200
200800401201,2,8,4,1201,Sección 01201
200800401202,2,8,4,1202,Sección 01202
200800401203,2,8,4,1203,Sección 01203
200800401204,2,8,4,1204,Sección 01204
200800401205,2,8,4,1205,Sección 01205
200800401206,2,8,4,1206,Sección 01206
200800401207,2,8,4,1207,Sección 01207
200800401208,2,8,4,1208,Sección 01208
200800401209,2,8,4,1209,Sección 01209
200800401210,2,8,4,1210,Sección 01210
200800401211,2,8,4,1211,Sección 01211
200800401212,2,8,4,1212,Sección 01212
200800401213,2,8,4,1213,Sección 01213
200800401214,2,8,4,1214,Sección 01214
200800401221,2,8,4,1221,Sección 01221
200800401222,2,8,4,1222,Sección 01222
200800401223,2,8,4,1223,Sección 01223
200800401224,2,8,4,1224,Sección 01224
200800401225,2,8,4,1225,Sección 01225
200800401227,2,8,4,1227,Sección 01227
200800401228,2,8,4,1228,Sección 01228
200800401231,2,8,4,1231,Sección 01231
200800401232,2,8,4,1232,Sección 01232
200800401233,2,8,4,1233,Sección 01233
200800401234,2,8,4,1234,Sección 01234
200800401235,2,8,4,1235,Sección 01235
200800401236,2,8,4,1236,Sección 01236
200800401237,2,8,4,1237,Sección 01237
200800401238,2,8,4,1238,Sección 01238
200800401239,2,8,4,1239,Sección 01239
200800401240,2,8,4,1240,Sección 01240
200800401241,2,8,4,1241,Sección 01241
200800401242,2,8,4,1242,Sección 01242
200800401243,2,8,4,1243,Sección 01243
200800401244,2,8,4,1244,Sección 01244
200800401274,2,8,4,1274,Sección 01274
200800401275,2,8,4,1275,Sección 01275
200800401276,2,8,4,1276,Sección 01276
200800401277,2,8,4,1277,Sección 01277
200800401283,2,8,4,1283,Sección 01283
200800401284,2,8,4,1284,Sección 01284
200800401285,2,8,4,1285,Sección 01285
200800401286,2,8,4,1286,Sección 01286
200800401287,2,8,4,1287,Sección 01287
200800401288,2,8,4,1288,Sección 01288
200800401289,2,8,4,1289,Sección 01289
200800401293,2,8,4,1293,Sección 01293
200800401336,2,8,4,1336,Sección 01336
200800401340,2,8,4,1340,Sección 01340
200800401341,2,8,4,1341,Sección 01341
200800401342,2,8,4,1342,Sección 01342
200800401343,2,8,4,1343,Sección 01343
200800401344,2,8,4,1344,Sección 01344
200800401345,2,8,4,1345,Sección 01345
200800401346,2,8,4,1346,Sección 01346
200800401347,2,8,4,1347,Sección 01347
200800401348,2,8,4,1348,Sección 01348
200800401349,2,8,4,1349,Sección 01349
200800401350,2,8,4,1350,Sección 01350
200800401351,2,8,4,1351,Sección 01351
200800401352,2,8,4,1352,Sección 01352
200800401353,2,8,4,1353,Sección 01353
200800401355,2,8,4,1355,Sección 01355
200800401356,2,8,4,1356,Sección 01356
200800401357,2,8,4,1357,Sección 01357
200800401368,2,8,4,1368,Sección 01368
200800401678,2,8,4,1678,Sección 01678
200800401679,2,8,4,1679,Sección 01679
200800401680,2,8,4,1680,Sección 01680
200800401681,2,8,4,1681,Sección 01681
200800401682,2,8,4,1682,Sección 01682
200800401683,2,8,4,1683,Sección 01683
200800401684,2,8,4,1684,Sección 01684
200800401685,2,8,4,1685,Sección 01685
200800401686,2,8,4,1686,Sección 01686
200800401687,2,8,4,1687,Sección 01687
200800401688,2,8,4,1688,Sección 01688
200800401689,2,8,4,1689,Sección 01689
200800401690,2,8,4,1690,Sección 01690
200800401691,2,8,4,1691,Sección 01691
200800401692,2,8,4,1692,Sección 01692
200800401693,2,8,4,1693,Sección 01693
200800401694,2,8,4,1694,Sección 01694
200800401695,2,8,4,1695,Sección 01695
200800401696,2,8,4,1696,Sección 01696
200800401697,2,8,4,1697,Sección 01697
200800401698,2,8,4,1698,Sección 01698
200800401699,2,8,4,1699,Sección 01699
200800401700,2,8,4,1700,Sección 01700
200800401701,2,8,4,1701,Sección 01701
200800401702,2,8,4,1702,Sección 01702
200800401703,2,8,4,1703,Sección 01703
200800401704,2,8,4,1704,Sección 01704
200800401705,2,8,4,1705,Sección 01705
200800401706,2,8,4,1706,Sección 01706
200800401707,2,8,4,1707,Sección 01707
200800401708,2,8,4,1708,Sección 01708
200800401709,2,8,4,1709,Sección 01709
200800401710,2,8,4,1710,Sección 01710
200800401711,2,8,4,1711,Sección 01711
200800401712,2,8,4,1712,Sección 01712
200800401713,2,8,4,1713,Sección 01713
200800401714,2,8,4,1714,Sección 01714
200800401715,2,8,4,1715,Sección 01715
200800401716,2,8,4,1716,Sección 01716
200800401717,2,8,4,1717,Sección 01717
200800401718,2,8,4,1718,Sección 01718
200800401719,2,8,4,1719,Sección 01719
200800401720,2,8,4,1720,Sección 01720
200800401721,2,8,4,1721,Sección 01721
200800401722,2,8,4,1722,Sección 01722
200800401723,2,8,4,1723,Sección 01723
200800401724,2,8,4,1724,Sección 01724
200800401725,2,8,4,1725,Sección 01725
200800401726,2,8,4,1726,Sección 01726
200800401727,2,8,4,1727,Sección 01727
200800401728,2,8,4,1728,Sección 01728
200800401729,2,8,4,1729,Sección 01729
200800401730,2,8,4,1730,Sección 01730
200800401731,2,8,4,1731,Sección 01731
200800401732,2,8,4,1732,Sección 01732
200800401733,2,8,4,1733,Sección 01733
200800401734,2,8,4,1734,Sección 01734
200800401735,2,8,4,1735,Sección 01735
200800401736,2,8,4,1736,Sección 01736
200800401737,2,8,4,1737,Sección 01737
200800401738,2,8,4,1738,Sección 01738
200800401739,2,8,4,1739,Sección 01739
200800401740,2,8,4,1740,Sección 01740
200800401741,2,8,4,1741,Sección 01741
200800401742,2,8,4,1742,Sección 01742
200800401743,2,8,4,1743,Sección 01743
200800401744,2,8,4,1744,Sección 01744
200800401745,2,8,4,1745,Sección 01745
200800401746,2,8,4,1746,Sección 01746
200800401747,2,8,4,1747,Sección 01747
200800401748,2,8,4,1748,Sección 01748
200800401749,2,8,4,1749,Sección 01749
200800401750,2,8,4,1750,Sección 01750
200800401751,2,8,4,1751,Sección 01751
200800401752,2,8,4,1752,Sección 01752
200800401753,2,8,4,1753,Sección 01753
200800401754,2,8,4,1754,Sección 01754
200800401755,2,8,4,1755,Sección 01755
200800401756,2,8,4,1756,Sección 01756
200800401757,2,8,4,1757,Sección 01757
200800401758,2,8,4,1758,Sección 01758
200800401759,2,8,4,1759,Sección 01759
200800401760,2,8,4,1760,Sección 01760
200800401761,2,8,4,1761,Sección 01761
200800401762,2,8,4,1762,Sección 01762
200800401763,2,8,4,1763,Sección 01763
200800401764,2,8,4,1764,Sección 01764
200800401765,2,8,4,1765,Sección 01765
200800401766,2,8,4,1766,Sección 01766
200800401767,2,8,4,1767,Sección 01767
200800401768,2,8,4,1768,Sección 01768
200800401769,2,8,4,1769,Sección 01769
200800401770,2,8,4,1770,Sección 01770
200800401771,2,8,4,1771,Sección 01771
200800401772,2,8,4,1772,Sección 01772
200800401773,2,8,4,1773,Sección 01773
200800401774,2,8,4,1774,Sección 01774
200800401775,2,8,4,1775,Sección 01775
200800401776,2,8,4,1776,Sección 01776
200800401777,2,8,4,1777,Sección 01777
200800401778,2,8,4,1778,Sección 01778
200800401779,2,8,4,1779,Sección 01779
200800401780,2,8,4,1780,Sección 01780
200800401781,2,8,4,1781,Sección 01781
200800401782,2,8,4,1782,Sección 01782
200800401783,2,8,4,1783,Sección 01783
200800401784,2,8,4,1784,Sección 01784
200800401785,2,8,4,1785,Sección 01785
200800401786,2,8,4,1786,Sección 01786
200800401787,2,8,4,1787,Sección 01787
200800401788,2,8,4,1788,Sección 01788
200800401789,2,8,4,1789,Sección 01789
200800401790,2,8,4,1790,Sección 01790
200800401791,2,8,4,1791,Sección 01791
200800401792,2,8,4,1792,Sección 01792
200800401793,2,8,4,1793,Sección 01793
200800401794,2,8,4,1794,Sección 01794
200800401795,2,8,4,1795,Sección 01795
200800401796,2,8,4,1796,Sección 01796
200800401797,2,8,4,1797,Sección 01797
200800401798,2,8,4,1798,Sección 01798
200800401799,2,8,4,1799,Sección 01799
200800401800,2,8,4,1800,Sección 01800
200800401801,2,8,4,1801,Sección 01801
200800401802,2,8,4,1802,Sección 01802
200800401803,2,8,4,1803,Sección 01803
200800401804,2,8,4,1804,Sección 01804
200800401805,2,8,4,1805,Sección 01805
200800401806,2,8,4,1806,Sección 01806
200800501194,2,8,5,1194,Sección 01194
200800501259,2,8,5,1259,Sección 01259
200800501260,2,8,5,1260,Sección 01260
200800501261,2,8,5,1261,Sección 01261
200800501262,2,8,5,1262,Sección 01262
200800501263,2,8,5,1263,Sección 01263
200800501264,2,8,5,1264,Sección 01264
200800501265,2,8,5,1265,Sección 01265
200800501266,2,8,5,1266,Sección 01266
200800501267,2,8,5,1267,Sección 01267
200800501268,2,8,5,1268,Sección 01268
200800501269,2,8,5,1269,Sección 01269
200800501270,2,8,5,1270,Sección 01270
200800501271,2,8,5,1271,Sección 01271
200800501272,2,8,5,1272,Sección 01272
200800501273,2,8,5,1273,Sección 01273
200800501290,2,8,5,1290,Sección 01290
200800501291,2,8,5,1291,Sección 01291
200800501295,2,8,5,1295,Sección 01295
200800501297,2,8,5,1297,Sección 01297
200800501298,2,8,5,1298,Sección 01298
200800501363,2,8,5,1363,Sección 01363
200800501364,2,8,5,1364,Sección 01364
200800501365,2,8,5,1365,Sección 01365
200800501366,2,8,5,1366,Sección 01366
200800501367,2,8,5,1367,Sección 01367
200800501370,2,8,5,1370,Sección 01370
