CLAVEGEO,CVE_ENT,DESC_ENT,CVE_DISTRITO,DESC_DISTRITO
14001,14,Jalisco,1,Distrito 001
14002,14,Jalisco,2,Distrito 002
14003,14,Jalisco,3,Distrito 003
14004,14,Jalisco,4,Distrito 004
14005,14,Jalisco,5,Distrito 005
14006,14,Jalisco,6,Distrito 006
14007,14,Jalisco,7,Distrito 007
14008,14,Jalisco,8,Distrito 008
14009,14,Jalisco,9,Distrito 009
14010,14,Jalisco,10,Distrito 010
14011,14,Jalisco,11,Distrito 011
14012,14,Jalisco,12,Distrito 012
14013,14,Jalisco,13,Distrito 013
14014,14,Jalisco,14,Distrito 014
14015,14,Jalisco,15,Distrito 015
14016,14,Jalisco,16,Distrito 016
14017,14,Jalisco,17,Distrito 017
14018,14,Jalisco,18,Distrito 018
14019,14,Jalisco,19,Distrito 019
