CLAVEGEO,CVE_ENT,DESC_ENT,CVE_DISTRITO,DESC_DISTRITO
21001,21,Puebla,1,Distrito 001
21002,21,Puebla,2,Distrito 002
21003,21,Puebla,3,Distrito 003
21004,21,Puebla,4,Distrito 004
21005,21,Puebla,5,Distrito 005
21006,21,Puebla,6,Distrito 006
21007,21,Puebla,7,Distrito 007
21008,21,Puebla,8,Distrito 008
21009,21,Puebla,9,Distrito 009
21010,21,Puebla,10,Distrito 010
21011,21,Puebla,11,Distrito 011
21012,21,Puebla,12,Distrito 012
21013,21,Puebla,13,Distrito 013
21014,21,Puebla,14,Distrito 014
21015,21,Puebla,15,Distrito 015
21016,21,Puebla,16,Distrito 016
