CLAVEGEO,CVE_ENT,DESC_ENT,CVE_DISTRITO,DESC_DISTRITO
30001,30,Veracruz de Ignacio de la Llave,1,Distrito 001
30002,30,Veracruz de Ignacio de la Llave,2,Distrito 002
30003,30,Veracruz de Ignacio de la Llave,3,Distrito 003
30004,30,Veracruz de Ignacio de la Llave,4,Distrito 004
30005,30,Veracruz de Ignacio de la Llave,5,Distrito 005
30006,30,Veracruz de Ignacio de la Llave,6,Distrito 006
30007,30,Veracruz de Ignacio de la Llave,7,Distrito 007
30008,30,Veracruz de Ignacio de la Llave,8,Distrito 008
30009,30,Veracruz de Ignacio de la Llave,9,Distrito 009
30010,30,Veracruz de Ignacio de la Llave,10,Distrito 010
30011,30,Veracruz de Ignacio de la Llave,11,Distrito 011
30012,30,Veracruz de Ignacio de la Llave,12,Distrito 012
30013,30,Veracruz de Ignacio de la Llave,13,Distrito 013
30014,30,Veracruz de Ignacio de la Llave,14,Distrito 014
30015,30,Veracruz de Ignacio de la Llave,15,Distrito 015
30016,30,Veracruz de Ignacio de la Llave,16,Distrito 016
30017,30,Veracruz de Ignacio de la Llave,17,Distrito 017
30018,30,Veracruz de Ignacio de la Llave,18,Distrito 018
30019,30,Veracruz de Ignacio de la Llave,19,Distrito 019
30020,30,Veracruz de Ignacio de la Llave,20,Distrito 020
30021,30,Veracruz de Ignacio de la Llave,21,Distrito 021
